type,symptomName,severity,notes,dateOnly,timeOnly,ISOdatetime
Dystonia,,4,,3/1/2025,14:01:41,2025-03-01T14:01:41
Tremor,,1,בזרועות,3/2/2025,16:22:06,2025-03-02T16:22:06
Stool,,1,,3/2/2025,10:58:33,2025-03-02T10:58:33
Hyperactivity,,3,,3/2/2025,7:00:24,2025-03-02T07:00:24
Speech Difficulty,,5,,3/3/2025,10:10:11,2025-03-03T10:10:11
Other Symptoms,,2,,3/3/2025,13:56:59,2025-03-03T13:56:59
Dyskinesia,,1,,3/4/2025,21:56:40,2025-03-04T21:56:40
Hyperactivity,,4,,3/4/2025,7:14:15,2025-03-04T07:14:15
Hyperactivity,,3,,3/4/2025,16:10:15,2025-03-04T16:10:15
Speech Difficulty,,2,,3/5/2025,19:29:23,2025-03-05T19:29:23
Dystonia,,2,,3/5/2025,18:36:49,2025-03-05T18:36:49
Speech Difficulty,,5,,3/6/2025,6:43:24,2025-03-06T06:43:24
Other Symptoms,,2,,3/7/2025,10:01:01,2025-03-07T10:01:01
Other Symptoms,,3,,3/7/2025,22:00:02,2025-03-07T22:00:02
Tremor,,1,,3/7/2025,10:49:09,2025-03-07T10:49:09
Other Symptoms,,4,,3/8/2025,6:26:27,2025-03-08T06:26:27
Dystonia,,3,התכווצויות בכפות הרגליים,3/8/2025,13:59:08,2025-03-08T13:59:08
Dyskinesia,,5,,3/8/2025,12:34:25,2025-03-08T12:34:25
Speech Difficulty,,4,,3/9/2025,17:06:27,2025-03-09T17:06:27
Speech Difficulty,,4,,3/10/2025,18:14:58,2025-03-10T18:14:58
Stool,,2,,3/10/2025,21:25:58,2025-03-10T21:25:58
Tremor,,3,,3/11/2025,14:56:33,2025-03-11T14:56:33
Dyskinesia,,5,,3/11/2025,6:38:39,2025-03-11T06:38:39
Other Symptoms,,4,,3/11/2025,13:17:02,2025-03-11T13:17:02
Dyskinesia,,4,,3/12/2025,9:34:56,2025-03-12T09:34:56
Other Symptoms,,1,,3/12/2025,10:45:25,2025-03-12T10:45:25
Tremor,,4,,3/12/2025,18:27:59,2025-03-12T18:27:59
Hyperactivity,,4,,3/13/2025,20:10:10,2025-03-13T20:10:10
Stool,,4,,3/14/2025,11:37:58,2025-03-14T11:37:58
Other Symptoms,,3,,3/14/2025,22:07:59,2025-03-14T22:07:59
Dyskinesia,,2,,3/15/2025,17:49:30,2025-03-15T17:49:30
Hyperactivity,,5,,3/15/2025,7:12:56,2025-03-15T07:12:56
Speech Difficulty,,5,,3/16/2025,16:18:24,2025-03-16T16:18:24
Hyperactivity,,1,,3/16/2025,15:35:27,2025-03-16T15:35:27
Hyperactivity,,4,,3/17/2025,14:24:46,2025-03-17T14:24:46
Dyskinesia,,2,,3/18/2025,10:07:39,2025-03-18T10:07:39
Speech Difficulty,,1,,3/19/2025,19:36:25,2025-03-19T19:36:25
Stool,,1,,3/19/2025,8:49:27,2025-03-19T08:49:27
Hyperactivity,,5,,3/20/2025,10:10:09,2025-03-20T10:10:09
Speech Difficulty,,2,,3/20/2025,13:01:33,2025-03-20T13:01:33
Speech Difficulty,,4,,3/20/2025,17:57:56,2025-03-20T17:57:56
Hyperactivity,,3,,3/21/2025,16:43:07,2025-03-21T16:43:07
Other Symptoms,,4,,3/21/2025,14:57:10,2025-03-21T14:57:10
Dyskinesia,,5,,3/21/2025,16:34:44,2025-03-21T16:34:44
Stool,,5,,3/22/2025,15:15:56,2025-03-22T15:15:56
Dyskinesia,,4,,3/23/2025,21:32:19,2025-03-23T21:32:19
Stool,,4,,3/23/2025,9:43:09,2025-03-23T09:43:09
Tremor,,5,,3/24/2025,22:06:44,2025-03-24T22:06:44
Hyperactivity,,2,,3/25/2025,22:07:17,2025-03-25T22:07:17
Hyperactivity,,5,,3/25/2025,11:24:05,2025-03-25T11:24:05
Other Symptoms,,1,,3/25/2025,6:07:57,2025-03-25T06:07:57
Other Symptoms,,4,,3/26/2025,16:06:43,2025-03-26T16:06:43
Stool,,3,,3/26/2025,14:42:31,2025-03-26T14:42:31
Speech Difficulty,,5,,3/27/2025,8:49:54,2025-03-27T08:49:54
Speech Difficulty,,1,,3/28/2025,11:56:33,2025-03-28T11:56:33
Stool,,5,,3/28/2025,12:28:45,2025-03-28T12:28:45
Hyperactivity,,4,,3/28/2025,14:01:37,2025-03-28T14:01:37
Stool,,2,,3/29/2025,20:36:03,2025-03-29T20:36:03
Other Symptoms,,1,,3/30/2025,18:21:14,2025-03-30T18:21:14
Dystonia,,4,,3/30/2025,7:30:39,2025-03-30T07:30:39
Dyskinesia,,5,,3/31/2025,21:35:41,2025-03-31T21:35:41
Stool,,3,,4/1/2025,11:14:34,2025-04-01T11:14:34
Dyskinesia,,2,,4/1/2025,15:54:38,2025-04-01T15:54:38
Stool,,1,,4/2/2025,8:30:25,2025-04-02T08:30:25
Stool,,5,,4/3/2025,8:16:30,2025-04-03T08:16:30
Speech Difficulty,,1,,4/3/2025,15:09:23,2025-04-03T15:09:23
Other Symptoms,,1,,4/3/2025,10:42:55,2025-04-03T10:42:55
Other Symptoms,,2,,4/4/2025,12:00:02,2025-04-04T12:00:02
Dystonia,,5,,4/5/2025,21:45:44,2025-04-05T21:45:44
Tremor,,4,,4/5/2025,17:55:49,2025-04-05T17:55:49
Other Symptoms,,1,,4/6/2025,6:15:14,2025-04-06T06:15:14
Stool,,3,,4/6/2025,14:14:00,2025-04-06T14:14:00
Dyskinesia,,5,,4/7/2025,16:05:04,2025-04-07T16:05:04
Dyskinesia,,5,התכווצויות בכפות הרגליים למשך 15 דקות,4/7/2025,19:14:47,2025-04-07T19:14:47
Stool,,2,,4/8/2025,13:18:59,2025-04-08T13:18:59
Speech Difficulty,,4,,4/8/2025,17:18:24,2025-04-08T17:18:24
Speech Difficulty,,1,,4/9/2025,18:22:32,2025-04-09T18:22:32
Other Symptoms,,4,,4/9/2025,13:41:45,2025-04-09T13:41:45
Dyskinesia,,3,,4/9/2025,19:17:22,2025-04-09T19:17:22
Other Symptoms,,3,,4/10/2025,9:30:57,2025-04-10T09:30:57
Dyskinesia,,1,,4/10/2025,20:09:22,2025-04-10T20:09:22
Hyperactivity,,2,,4/11/2025,16:31:14,2025-04-11T16:31:14
Hyperactivity,,4,,4/12/2025,18:29:32,2025-04-12T18:29:32
Dystonia,,5,התכווצויות באצבעות רגל ימין,4/13/2025,13:43:25,2025-04-13T13:43:25
Dystonia,,3,התכווצויות בכפות הרגליים,4/13/2025,21:14:20,2025-04-13T21:14:20
Hyperactivity,,1,,4/14/2025,8:30:20,2025-04-14T08:30:20
Stool,,2,,4/14/2025,19:03:36,2025-04-14T19:03:36
Other Symptoms,,1,,4/14/2025,19:05:16,2025-04-14T19:05:16
Hyperactivity,,3,,4/15/2025,11:07:11,2025-04-15T11:07:11
Dyskinesia,,1,,4/16/2025,13:02:00,2025-04-16T13:02:00
Stool,,5,,4/16/2025,6:08:07,2025-04-16T06:08:07
Other Symptoms,,5,,4/16/2025,12:05:47,2025-04-16T12:05:47
Speech Difficulty,,1,,4/17/2025,22:57:39,2025-04-17T22:57:39
Other Symptoms,,4,,4/17/2025,8:34:11,2025-04-17T08:34:11
Speech Difficulty,,4,,4/18/2025,18:30:51,2025-04-18T18:30:51
Stool,,2,,4/19/2025,18:48:02,2025-04-19T18:48:02
Dyskinesia,,1,,4/20/2025,17:45:23,2025-04-20T17:45:23
Other Symptoms,,3,,4/20/2025,20:41:08,2025-04-20T20:41:08
Dystonia,,5,התכווצויות בכפות הרגליים,4/20/2025,8:16:06,2025-04-20T08:16:06
Tremor,,3,,4/21/2025,6:44:09,2025-04-21T06:44:09
Dystonia,,2,,4/21/2025,18:13:36,2025-04-21T18:13:36
Hyperactivity,,3,,4/21/2025,12:26:32,2025-04-21T12:26:32
Tremor,,5,,4/22/2025,9:44:58,2025-04-22T09:44:58
Stool,,1,,4/22/2025,22:57:28,2025-04-22T22:57:28
Stool,,2,,4/22/2025,20:35:21,2025-04-22T20:35:21
Stool,,3,,4/23/2025,18:05:36,2025-04-23T18:05:36
Dyskinesia,,2,,4/24/2025,20:15:22,2025-04-24T20:15:22
Stool,,4,,4/24/2025,6:28:46,2025-04-24T06:28:46
Tremor,,5,,4/24/2025,18:48:49,2025-04-24T18:48:49
Speech Difficulty,,4,,4/25/2025,13:16:30,2025-04-25T13:16:30
Stool,,2,,4/25/2025,13:28:18,2025-04-25T13:28:18
Hyperactivity,,4,,4/26/2025,10:53:33,2025-04-26T10:53:33
Hyperactivity,,1,,4/26/2025,12:19:59,2025-04-26T12:19:59
Hyperactivity,,1,,4/27/2025,7:09:21,2025-04-27T07:09:21
Tremor,,3,,4/27/2025,11:49:57,2025-04-27T11:49:57
Stool,,4,,4/27/2025,12:26:31,2025-04-27T12:26:31
Speech Difficulty,,4,,4/28/2025,7:50:51,2025-04-28T07:50:51
Other Symptoms,,5,,4/29/2025,12:46:20,2025-04-29T12:46:20
Speech Difficulty,,5,,4/29/2025,19:09:40,2025-04-29T19:09:40
Dystonia,,4,התכווצויות בכפות הרגליים,4/30/2025,12:38:28,2025-04-30T12:38:28
Tremor,,2,,4/30/2025,21:57:38,2025-04-30T21:57:38
Other Symptoms,,3,,4/30/2025,12:00:02,2025-04-30T12:00:02
Speech Difficulty,,2,,5/1/2025,20:55:43,2025-05-01T20:55:43
Speech Difficulty,,1,,5/2/2025,22:27:59,2025-05-02T22:27:59
Hyperactivity,,3,,5/2/2025,16:31:43,2025-05-02T16:31:43
Speech Difficulty,,2,,5/2/2025,17:35:53,2025-05-02T17:35:53
Hyperactivity,,4,,5/3/2025,18:28:42,2025-05-03T18:28:42
Dyskinesia,,4,,5/3/2025,8:09:14,2025-05-03T08:09:14
Other Symptoms,,2,,5/4/2025,18:29:45,2025-05-04T18:29:45
Speech Difficulty,,3,,5/5/2025,7:01:25,2025-05-05T07:01:25
Speech Difficulty,,1,,5/5/2025,19:37:36,2025-05-05T19:37:36
Other Symptoms,,4,,5/5/2025,12:40:00,2025-05-05T12:40:00
Speech Difficulty,,5,,5/6/2025,21:19:24,2025-05-06T21:19:24
Dystonia,,5,התכווצויות בכפות הרגליים,5/6/2025,8:05:38,2025-05-06T08:05:38
Hyperactivity,,4,,5/6/2025,6:13:26,2025-05-06T06:13:26
Other Symptoms,,3,,5/7/2025,15:05:47,2025-05-07T15:05:47
Tremor,,2,,5/7/2025,6:37:55,2025-05-07T06:37:55
Dystonia,,3,התכווצויות בכפות הרגליים,5/7/2025,10:29:16,2025-05-07T10:29:16
Dystonia,,4,התכווצויות בכפות הרגליים,5/8/2025,14:56:53,2025-05-08T14:56:53
Stool,,4,,5/9/2025,22:59:21,2025-05-09T22:59:21
Other Symptoms,,5,,5/10/2025,14:59:05,2025-05-10T14:59:05
Speech Difficulty,,3,,5/11/2025,21:04:33,2025-05-11T21:04:33
Stool,,3,,5/12/2025,18:46:55,2025-05-12T18:46:55
Tremor,,1,יד ימין,5/12/2025,19:38:42,2025-05-12T19:38:42
Other Symptoms,,2,,5/13/2025,6:07:45,2025-05-13T06:07:45
Speech Difficulty,,1,,5/14/2025,14:16:24,2025-05-14T14:16:24
Tremor,,3,,5/14/2025,15:23:39,2025-05-14T15:23:39
Speech Difficulty,,5,,5/15/2025,7:21:32,2025-05-15T07:21:32
Dystonia,,1,דיסטוניה בכפות הרגליים,5/15/2025,11:58:31,2025-05-15T11:58:31
Other Symptoms,,1,,5/15/2025,14:21:08,2025-05-15T14:21:08
Tremor,,5,,5/16/2025,19:50:48,2025-05-16T19:50:48
Tremor,,3,,5/16/2025,9:33:04,2025-05-16T09:33:04
Speech Difficulty,,4,,5/17/2025,7:33:53,2025-05-17T07:33:53
Other Symptoms,,2,איטיות,5/17/2025,17:06:35,2025-05-17T17:06:35
Other Symptoms,,2,איטיות,5/17/2025,11:44:42,2025-05-17T11:44:42
Stool,,2,,5/18/2025,20:22:10,2025-05-18T20:22:10
Hyperactivity,,3,,5/19/2025,12:13:29,2025-05-19T12:13:29
Other Symptoms,,3,,5/19/2025,10:17:35,2025-05-19T10:17:35
Other Symptoms,,1,,5/20/2025,8:42:52,2025-05-20T08:42:52
Dyskinesia,,3,,5/20/2025,16:02:05,2025-05-20T16:02:05
Dystonia,,1,הדיסקינזיות בכפות הרגליים חלפו,5/20/2025,15:51:07,2025-05-20T15:51:07
Hyperactivity,,3,,5/21/2025,12:32:35,2025-05-21T12:32:35
Other Symptoms,,4,,5/22/2025,8:26:32,2025-05-22T08:26:32
Dystonia,,4,,5/22/2025,9:05:37,2025-05-22T09:05:37
Dyskinesia,,2,,5/23/2025,15:15:40,2025-05-23T15:15:40
Stool,,3,,5/23/2025,7:01:53,2025-05-23T07:01:53
Hyperactivity,,3,,5/24/2025,8:55:42,2025-05-24T08:55:42
Dyskinesia,,5,,5/25/2025,15:03:50,2025-05-25T15:03:50
Hyperactivity,,2,,5/25/2025,22:08:16,2025-05-25T22:08:16
Tremor,,4,בזרועות,5/26/2025,19:17:37,2025-05-26T19:17:37
Speech Difficulty,,3,,5/26/2025,16:58:51,2025-05-26T16:58:51
Dystonia,,4,כף רגל ימין,5/26/2025,20:45:07,2025-05-26T20:45:07
Dyskinesia,,2,,5/27/2025,22:03:14,2025-05-27T22:03:14
Hyperactivity,,4,,5/27/2025,18:01:15,2025-05-27T18:01:15
Dyskinesia,,1,,5/28/2025,11:57:08,2025-05-28T11:57:08
Tremor,,3,,5/29/2025,22:26:07,2025-05-29T22:26:07
Dystonia,,2,,5/29/2025,21:18:17,2025-05-29T21:18:17
Stool,,4,,5/30/2025,7:10:45,2025-05-30T07:10:45
Other Symptoms,,5,,5/30/2025,17:12:15,2025-05-30T17:12:15
Speech Difficulty,,3,,5/31/2025,10:11:35,2025-05-31T10:11:35
Dystonia,,1,,6/1/2025,11:14:55,2025-06-01T11:14:55
Other Symptoms,,4,,6/1/2025,11:15:48,2025-06-01T11:15:48
Speech Difficulty,,5,,6/2/2025,11:47:15,2025-06-02T11:47:15
Dystonia,,3,,6/2/2025,6:46:29,2025-06-02T06:46:29
Other Symptoms,,2,,6/2/2025,7:26:10,2025-06-02T07:26:10
Dystonia,,4,,6/3/2025,12:24:34,2025-06-03T12:24:34
Dystonia,,4,,6/3/2025,9:08:54,2025-06-03T09:08:54
Dystonia,,1,,6/4/2025,8:00:47,2025-06-04T08:00:47
Hyperactivity,,4,,6/5/2025,20:43:17,2025-06-05T20:43:17
Dyskinesia,,4,,6/6/2025,14:46:04,2025-06-06T14:46:04
Other Symptoms,,2,,6/6/2025,13:47:13,2025-06-06T13:47:13
Other Symptoms,,1,,6/7/2025,22:51:04,2025-06-07T22:51:04
Stool,,2,,6/8/2025,20:45:49,2025-06-08T20:45:49
Other Symptoms,,2,,6/8/2025,22:18:00,2025-06-08T22:18:00
Dystonia,,2,,6/8/2025,17:42:22,2025-06-08T17:42:22
Other Symptoms,,3,,6/9/2025,22:41:44,2025-06-09T22:41:44
Dyskinesia,,2,,6/9/2025,6:30:51,2025-06-09T06:30:51
Other Symptoms,,2,,6/10/2025,18:21:30,2025-06-10T18:21:30
Dyskinesia,,4,,6/10/2025,10:30:52,2025-06-10T10:30:52
Dyskinesia,,3,,6/10/2025,17:54:40,2025-06-10T17:54:40
Stool,,4,,6/11/2025,18:44:57,2025-06-11T18:44:57
Dystonia,,3,ב 2 כפות הרגליים,6/11/2025,13:12:27,2025-06-11T13:12:27
Speech Difficulty,,3,,6/11/2025,22:10:32,2025-06-11T22:10:32
Other Symptoms,,5,,6/12/2025,22:48:57,2025-06-12T22:48:57
Other Symptoms,,5,,6/13/2025,21:58:21,2025-06-13T21:58:21
Dyskinesia,,4,,6/13/2025,15:29:58,2025-06-13T15:29:58
Hyperactivity,,5,,6/13/2025,7:50:46,2025-06-13T07:50:46
Dyskinesia,,4,,6/14/2025,8:01:12,2025-06-14T08:01:12
Tremor,,3,כל הגוף,6/15/2025,6:52:55,2025-06-15T06:52:55
Speech Difficulty,,2,,6/15/2025,11:58:42,2025-06-15T11:58:42
Dyskinesia,,5,,6/15/2025,14:00:43,2025-06-15T14:00:43
Tremor,,1,,6/16/2025,11:53:55,2025-06-16T11:53:55
Dyskinesia,,2,,6/16/2025,18:52:31,2025-06-16T18:52:31
Hyperactivity,,3,פלג גוף עליון,6/16/2025,17:05:37,2025-06-16T17:05:37
Other Symptoms,,1,רקה צד ימין,6/17/2025,6:49:11,2025-06-17T06:49:11
Tremor,,5,רעד בפה,6/17/2025,14:22:47,2025-06-17T14:22:47
Other Symptoms,,4,,6/18/2025,12:20:11,2025-06-18T12:20:11
Stool,,2,,6/19/2025,22:26:37,2025-06-19T22:26:37
Other Symptoms,,2,,6/20/2025,6:03:27,2025-06-20T06:03:27
Dystonia,,1,כף רגל ימין,6/20/2025,10:32:05,2025-06-20T10:32:05
Stool,,3,,6/20/2025,16:40:58,2025-06-20T16:40:58
Other Symptoms,,5,נוקשות ברגליים,6/21/2025,12:45:03,2025-06-21T12:45:03
Dyskinesia,,2,,6/21/2025,16:42:47,2025-06-21T16:42:47
Dyskinesia,,4,,6/21/2025,21:38:58,2025-06-21T21:38:58
Dyskinesia,,1,,6/22/2025,20:51:48,2025-06-22T20:51:48
Speech Difficulty,,1,,6/22/2025,22:16:35,2025-06-22T22:16:35
Stool,,5,,6/23/2025,20:26:42,2025-06-23T20:26:42
Speech Difficulty,,5,קצת נוקשות בלסתות,6/23/2025,19:49:08,2025-06-23T19:49:08
Hyperactivity,,1,התחלה,6/23/2025,9:53:11,2025-06-23T09:53:11
Stool,,3,,6/24/2025,9:43:48,2025-06-24T09:43:48
Stool,,3,,6/24/2025,14:50:07,2025-06-24T14:50:07
Hyperactivity,,3,פלג גוף עליון,6/24/2025,22:52:34,2025-06-24T22:52:34
Tremor,,1,,6/25/2025,6:49:08,2025-06-25T06:49:08
Stool,,4,,6/26/2025,21:56:01,2025-06-26T21:56:01
Hyperactivity,,2,,6/27/2025,8:44:25,2025-06-27T08:44:25
Hyperactivity,,5,,6/27/2025,13:03:13,2025-06-27T13:03:13
Tremor,,1,ידיים,6/28/2025,18:08:35,2025-06-28T18:08:35
Hyperactivity,,3,,6/28/2025,19:25:57,2025-06-28T19:25:57
Hyperactivity,,2,היה קשה,6/29/2025,16:45:14,2025-06-29T16:45:14
Dyskinesia,,4,לא מורגש,6/30/2025,16:35:21,2025-06-30T16:35:21
Tremor,,1,עבר בסדר,7/1/2025,18:36:34,2025-07-01T18:36:34
Stool,,3,,7/1/2025,18:33:02,2025-07-01T18:33:02
Stool,,4,,7/2/2025,20:14:34,2025-07-02T20:14:34
Dyskinesia,,1,,7/2/2025,8:45:20,2025-07-02T08:45:20
Dyskinesia,,5,,7/2/2025,11:39:45,2025-07-02T11:39:45
Stool,,2,,7/2/2025,14:21:35,2025-07-02T14:21:35
Dyskinesia,,4,,7/3/2025,15:32:26,2025-07-03T15:32:26
Hyperactivity,,5,,7/3/2025,17:51:45,2025-07-03T17:51:45
Dystonia,,5,,7/4/2025,15:24:53,2025-07-04T15:24:53
Speech Difficulty,,3,עבר בסדר,7/4/2025,18:42:21,2025-07-04T18:42:21
Hyperactivity,,4,לא מורגש,7/4/2025,11:07:27,2025-07-04T11:07:27
Speech Difficulty,,2,,7/5/2025,22:09:35,2025-07-05T22:09:35
Speech Difficulty,,4,,7/5/2025,20:26:46,2025-07-05T20:26:46
Tremor,,3,לא מורגש,7/6/2025,13:09:39,2025-07-06T13:09:39
Other Symptoms,,4,,7/7/2025,17:00:52,2025-07-07T17:00:52
Other Symptoms,,2,,7/7/2025,7:06:59,2025-07-07T07:06:59
Tremor,,1,,7/7/2025,12:19:21,2025-07-07T12:19:21
Dyskinesia,,1,,7/7/2025,6:12:07,2025-07-07T06:12:07
Hyperactivity,,5,,7/8/2025,18:17:26,2025-07-08T18:17:26
Dyskinesia,,3,,7/8/2025,19:24:30,2025-07-08T19:24:30
Dyskinesia,,5,הפרעה בתנועה,7/8/2025,9:48:55,2025-07-08T09:48:55
Stool,,3,,7/9/2025,8:42:13,2025-07-09T08:42:13
Stool,,5,,7/9/2025,12:01:07,2025-07-09T12:01:07
Dystonia,,2,,7/10/2025,14:17:04,2025-07-10T14:17:04
Other Symptoms,,5,לא מורגש,7/11/2025,22:03:06,2025-07-11T22:03:06
Dystonia,,1,לא מורגש,7/11/2025,7:02:36,2025-07-11T07:02:36
Dystonia,,2,,7/11/2025,20:15:40,2025-07-11T20:15:40
Stool,,5,,7/11/2025,11:32:10,2025-07-11T11:32:10
Stool,,3,,7/12/2025,17:11:14,2025-07-12T17:11:14
Dystonia,,5,,7/12/2025,9:52:52,2025-07-12T09:52:52
Dystonia,,5,עבר בסדר,7/12/2025,18:41:35,2025-07-12T18:41:35
Speech Difficulty,,2,לא מורגש,7/12/2025,12:34:26,2025-07-12T12:34:26
Other Symptoms,,2,,7/13/2025,21:26:09,2025-07-13T21:26:09
Speech Difficulty,,1,,7/13/2025,12:58:50,2025-07-13T12:58:50
Speech Difficulty,,3,,7/14/2025,11:51:13,2025-07-14T11:51:13
Dyskinesia,,2,,7/14/2025,13:25:14,2025-07-14T13:25:14
Speech Difficulty,,4,,7/14/2025,9:46:10,2025-07-14T09:46:10
Speech Difficulty,,4,,7/14/2025,16:48:32,2025-07-14T16:48:32
Speech Difficulty,,1,,7/15/2025,12:46:35,2025-07-15T12:46:35
Dyskinesia,,3,,7/15/2025,12:41:11,2025-07-15T12:41:11
Stool,,2,,7/15/2025,15:21:31,2025-07-15T15:21:31
Tremor,,4,,7/16/2025,12:52:30,2025-07-16T12:52:30
Tremor,,3,עבר בסדר,7/16/2025,18:16:09,2025-07-16T18:16:09
Speech Difficulty,,4,,7/17/2025,9:12:53,2025-07-17T09:12:53
Other Symptoms,,1,,7/17/2025,17:54:03,2025-07-17T17:54:03
Speech Difficulty,,3,,7/17/2025,18:35:16,2025-07-17T18:35:16
Hyperactivity,,1,,7/17/2025,19:27:09,2025-07-17T19:27:09
Dystonia,,5,,7/18/2025,16:16:33,2025-07-18T16:16:33
Other Symptoms,,4,,7/19/2025,15:50:16,2025-07-19T15:50:16
Stool,,4,,7/19/2025,10:20:52,2025-07-19T10:20:52
Dystonia,,2,,7/19/2025,18:19:32,2025-07-19T18:19:32
Hyperactivity,,5,,7/20/2025,22:38:32,2025-07-20T22:38:32
Dystonia,,4,,7/20/2025,10:17:21,2025-07-20T10:17:21
Dyskinesia,,2,טוב יותר מבדרך כלל,7/20/2025,13:51:53,2025-07-20T13:51:53
Hyperactivity,,2,הפרעה בתנועה,7/21/2025,18:01:11,2025-07-21T18:01:11
Stool,,1,,7/22/2025,7:24:35,2025-07-22T07:24:35
Speech Difficulty,,3,,7/22/2025,16:29:06,2025-07-22T16:29:06
Tremor,,4,,7/22/2025,10:32:55,2025-07-22T10:32:55
Tremor,,3,,7/23/2025,13:12:00,2025-07-23T13:12:00
Dystonia,,2,,7/23/2025,20:44:05,2025-07-23T20:44:05
Other Symptoms,,2,,7/23/2025,17:06:03,2025-07-23T17:06:03
Hyperactivity,,4,,7/24/2025,21:41:05,2025-07-24T21:41:05
Dyskinesia,,2,,7/25/2025,13:19:49,2025-07-25T13:19:49
Stool,,1,,7/25/2025,16:34:25,2025-07-25T16:34:25
Speech Difficulty,,1,עבר בסדר,7/25/2025,13:19:30,2025-07-25T13:19:30
Speech Difficulty,,1,היה קשה,7/26/2025,18:26:11,2025-07-26T18:26:11
Other Symptoms,,1,,7/27/2025,9:50:06,2025-07-26T09:50:06
Speech Difficulty,,1,עבר בסדר,7/27/2025,18:08:47,2025-07-26T18:08:47
